tar_name,hash,date_last_build,build_time_seconds
p1_AOI,2fa54fbeafccf68b,2022-07-21T20:51:23Z,1.33
p1_AOI_sf,7f4eb1a5c0c1a60d,2022-07-21T20:51:24Z,0.05
p1_char_names,baa7dc9b92327916,2022-07-22T14:33:02Z,0.41
p1_char_names_crosswalk,76b67671c2ae920e,2022-07-22T14:33:01Z,0
p1_global_grid,4347e2e3f5701360,2022-07-21T21:12:51Z,4.09
p1_global_grid_aoi,dfe8e9ed54e82def,2022-07-21T21:12:52Z,0.54
p1_params_to_chars_crosswalk,367f040fde9008bd,2022-07-21T19:11:12Z,0
p1_similar_char_names_txt,622341825838205f,2022-07-22T14:33:02Z,0.23
p1_wqp_inventory,1df9e1a654c49f71,NA,0
p1_wqp_inventory_032b4adf,3eec37998ccef502,2022-07-20T20:15:23Z,0.33
p1_wqp_inventory_03712524,8e7dca280e5b3cca,2022-07-20T20:15:35Z,0.17
p1_wqp_inventory_0444b1c4,80d1b5fdd0f05840,2022-07-20T20:15:29Z,0.32
p1_wqp_inventory_05108949,dd3841f24d404f83,2022-07-20T20:15:24Z,0.2
p1_wqp_inventory_074c181f,6d505cc3ed3dca8e,2022-07-21T21:14:04Z,1.41
p1_wqp_inventory_075eebe1,5368a30cd024fe45,2022-07-20T20:15:28Z,0.22
p1_wqp_inventory_0855e065,eca4291597cbd713,2022-07-20T20:15:30Z,0.22
p1_wqp_inventory_0a108b49,694bf37dce6ba1a0,2022-07-21T20:51:27Z,0.23
p1_wqp_inventory_0c441b33,7b07fb6d3b718e38,2022-07-21T20:46:04Z,0.42
p1_wqp_inventory_0d5962b4,084fc0212194a3f6,2022-07-21T20:51:29Z,0.22
p1_wqp_inventory_0e1067dd,5cf0020ca8fb2e42,2022-07-20T20:15:23Z,0.2
p1_wqp_inventory_10c3cb84,3b3a34ed74aa0eae,2022-07-21T20:46:05Z,0.43
p1_wqp_inventory_11510395,404ae44b11c636fa,2022-07-20T20:15:33Z,0.27
p1_wqp_inventory_145626aa,be686e739d133fb6,2022-07-21T20:47:18Z,0.27
p1_wqp_inventory_1528505d,d460e5f2732e2be7,2022-07-20T20:15:21Z,0.22
p1_wqp_inventory_16ff353d,f41ba21e7e79c41b,2022-07-21T20:46:02Z,0.22
p1_wqp_inventory_171b880d,c3c25a1e55d4ba90,2022-07-21T20:51:28Z,0.38
p1_wqp_inventory_177cb2d8,c0bfe93aa3758e3f,2022-07-21T20:51:29Z,0.38
p1_wqp_inventory_184460b6,4ea34050a9e0c935,2022-07-20T20:15:19Z,0.2
p1_wqp_inventory_190541ea,89a4929ae6f9adc3,2022-07-20T20:15:31Z,0.22
p1_wqp_inventory_19dade89,1c9aadcbb7fc5e76,2022-07-20T20:15:28Z,0.26
p1_wqp_inventory_1fb6232b,3a6832445ac1f2f2,2022-07-20T20:15:22Z,0.16
p1_wqp_inventory_22464caf,ff6d9b19bde7119b,2022-07-20T20:15:35Z,0.17
p1_wqp_inventory_25295720,f447df21d90bbd18,2022-07-21T21:14:24Z,5.77
p1_wqp_inventory_2608a471,5cf8af26ea1688b2,2022-07-20T20:15:19Z,0.22
p1_wqp_inventory_296c67d7,1f1c38413644612c,2022-07-21T20:13:05Z,8.31
p1_wqp_inventory_2a527290,2b44b0689206c5bd,2022-07-20T20:15:27Z,0.21
p1_wqp_inventory_2a67a032,a967f3bf657fc075,2022-07-20T20:15:25Z,0.18
p1_wqp_inventory_2be59a30,c2d5f4f738936e37,2022-07-20T20:15:19Z,0.21
p1_wqp_inventory_2cb4518a,5ea903fec258cc50,2022-07-21T21:14:25Z,1.36
p1_wqp_inventory_2cb9c323,8ffbb9f495f8eb1d,2022-07-21T20:47:17Z,0.72
p1_wqp_inventory_3052fa15,1acc93e1e3f10e21,2022-07-21T21:14:18Z,2.77
p1_wqp_inventory_315dc6bd,42b0a64d4325fc48,2022-07-21T21:14:55Z,14.06
p1_wqp_inventory_336a3171,9edca13824878857,2022-07-20T20:15:32Z,0.32
p1_wqp_inventory_345a7064,3faadea4e499ab17,2022-07-20T20:15:18Z,0.6
p1_wqp_inventory_3579cbb3,77a413d8f6d2ade6,2022-07-21T21:14:33Z,0.84
p1_wqp_inventory_36b5a0cf,c15de5700d661fe5,2022-07-21T21:14:15Z,1.87
p1_wqp_inventory_374a4775,9bf7d34cdf64f84a,2022-07-20T20:15:24Z,0.18
p1_wqp_inventory_375b2c4e,ed9fa350834e5180,2022-07-20T20:15:26Z,0.15
p1_wqp_inventory_3d929bf6,df6266d6cd7f4503,2022-07-21T20:12:19Z,3.18
p1_wqp_inventory_3df4d094,56da11afe331ebf8,2022-07-21T20:51:27Z,0.25
p1_wqp_inventory_3e0afc6e,dd8a06924077f5be,2022-07-20T20:15:23Z,0.19
p1_wqp_inventory_4138be90,26e2ef498441a15e,2022-07-21T20:17:12Z,0.95
p1_wqp_inventory_41f574c6,1e171532e4aeea83,2022-07-20T20:15:32Z,0.24
p1_wqp_inventory_448b50d3,259dc90d5b367cf4,2022-07-20T20:15:34Z,0.19
p1_wqp_inventory_4568f128,86798fb2054ce23e,2022-07-20T20:15:31Z,0.19
p1_wqp_inventory_4b828e7b,e63b11227a5bcb79,2022-07-20T20:15:30Z,0.23
p1_wqp_inventory_516bf935,515fe78fe9408367,2022-07-20T20:15:25Z,0.19
p1_wqp_inventory_520807d1,b10b13ff91ab4296,2022-07-21T20:47:18Z,0.24
p1_wqp_inventory_520ded00,75f3ab9fc81072cf,2022-07-21T20:46:04Z,0.39
p1_wqp_inventory_52e087db,f842496498ba732a,2022-07-20T20:15:29Z,0.28
p1_wqp_inventory_537f0dca,b40258a492f527cf,2022-07-21T20:46:02Z,0.23
p1_wqp_inventory_53a1e188,bf5099fd2993a850,2022-07-20T20:15:19Z,0.22
p1_wqp_inventory_595f08ab,eeec51f8b6e8bc87,2022-07-21T20:46:00Z,0.75
p1_wqp_inventory_5c2f187f,dd42eeb112230490,2022-07-21T20:46:03Z,0.28
p1_wqp_inventory_5f212469,82f320537b3fe554,2022-07-20T20:15:26Z,0.22
p1_wqp_inventory_5f30e9e2,0fef3ee43d0027e2,2022-07-20T20:15:18Z,0.22
p1_wqp_inventory_61cc868b,648ddc2669f32595,2022-07-21T20:46:01Z,0.39
p1_wqp_inventory_6260462d,8ef9be77ecb1dd51,2022-07-21T21:15:22Z,1.71
p1_wqp_inventory_65f050df,8ed6bdd4561d7af6,2022-07-21T21:15:40Z,12.14
p1_wqp_inventory_671f169e,34bd2588db6bcbe3,2022-07-21T20:46:02Z,0.27
p1_wqp_inventory_674837e9,d385e0daab5f6fa8,2022-07-20T20:15:31Z,0.22
p1_wqp_inventory_691e5978,17ffc873c21c98b1,2022-07-20T20:15:27Z,0.17
p1_wqp_inventory_6ae27534,6e0e0462e8ab7265,2022-07-20T20:15:34Z,0.17
p1_wqp_inventory_6b28a3ef,a408aa0c205a4918,2022-07-20T20:15:20Z,0.17
p1_wqp_inventory_6ba01320,a37ad779eed25ab9,2022-07-20T20:15:22Z,0.17
p1_wqp_inventory_6d4013f9,fce99b81684b34a4,2022-07-20T20:15:30Z,0.19
p1_wqp_inventory_6df20d6f,dd13397eb3862be4,2022-07-20T20:15:21Z,0.17
p1_wqp_inventory_70d41e98,edcb16428ec2b4f0,2022-07-21T21:13:51Z,2.17
p1_wqp_inventory_720a56d8,500f4e30fef5b077,2022-07-20T20:15:35Z,0.21
p1_wqp_inventory_739cda39,265b2434d0611350,2022-07-21T21:14:03Z,11.92
p1_wqp_inventory_75ae0de0,541f9bb80a01e014,2022-07-20T20:15:31Z,0.18
p1_wqp_inventory_76c542d4,f712ba710e019089,2022-07-21T21:14:32Z,1.11
p1_wqp_inventory_77d3d64e,1618eaf8eec90163,2022-07-20T20:15:20Z,0.19
p1_wqp_inventory_7830a6c7,0e79bb552619de6f,2022-07-20T20:15:28Z,0.25
p1_wqp_inventory_783fed45,088cc4c8fe40a247,2022-07-21T21:13:48Z,14.28
p1_wqp_inventory_78753cd1,5aae8ced55ab33b4,2022-07-20T20:15:26Z,0.2
p1_wqp_inventory_788e5835,f534afb1191d72a7,2022-07-21T20:16:56Z,6.53
p1_wqp_inventory_7bf7ccb5,87f5731040ec1c5d,2022-07-21T20:46:05Z,0.23
p1_wqp_inventory_7d28ed10,c459f0e83b96c3b5,2022-07-21T20:17:11Z,3.02
p1_wqp_inventory_805cffd5,7594d6d7d4377eba,2022-07-20T20:15:25Z,0.17
p1_wqp_inventory_870370c1,bae610b75e9ceeff,2022-07-20T20:15:18Z,0.2
p1_wqp_inventory_88424674,87e12a8d73499702,2022-07-21T20:46:06Z,0.25
p1_wqp_inventory_885547e5,ddf94fc792f64253,2022-07-20T20:15:33Z,0.3
p1_wqp_inventory_8b1602c1,ee2700d646b4a7df,2022-07-21T21:14:31Z,5.73
p1_wqp_inventory_8fdce364,6ff6ad795955e38c,2022-07-20T20:15:24Z,0.16
p1_wqp_inventory_925ed61b,4894149d752ae618,2022-07-20T20:15:22Z,0.14
p1_wqp_inventory_9280c3ae,fcc08f2ca4a25498,2022-07-21T20:13:07Z,1.25
p1_wqp_inventory_94745acb,97a766e66c4c4931,2022-07-20T20:15:32Z,0.32
p1_wqp_inventory_94db1f02,9c41489a53173ad6,2022-07-20T20:15:34Z,0.24
p1_wqp_inventory_95aa5947,42bf129cbb0c421e,2022-07-21T20:12:16Z,4.6
p1_wqp_inventory_96486b96,c8ac16d99e0e7e2a,2022-07-20T20:15:34Z,0.2
p1_wqp_inventory_98058939,dd3f701992c2035d,2022-07-20T20:15:24Z,0.17
p1_wqp_inventory_98f861f4,e6f5234a7a01da19,2022-07-20T20:15:27Z,0.19
p1_wqp_inventory_a02840f5,65dbcfdb590d6542,2022-07-20T20:15:35Z,0.17
p1_wqp_inventory_a2153e4c,9c730755dfb64261,2022-07-20T20:15:29Z,0.27
p1_wqp_inventory_a3983d7f,34bc4f6c8343c6ed,2022-07-20T20:15:30Z,0.28
p1_wqp_inventory_a5348761,8b4280142f3d6f36,2022-07-21T20:51:27Z,0.33
p1_wqp_inventory_a5c2e545,7219487332126450,2022-07-20T20:15:26Z,0.19
p1_wqp_inventory_a6354e2d,8afcd72ea4d10e37,2022-07-21T21:14:39Z,5.83
p1_wqp_inventory_a6615b85,d9549ef1ebdff94c,2022-07-20T20:15:23Z,0.19
p1_wqp_inventory_a77d7e77,5c5aaac7636c96da,2022-07-20T20:15:18Z,0.22
p1_wqp_inventory_a7f8e44d,37da1b4640b5405f,2022-07-21T21:15:44Z,2.33
p1_wqp_inventory_a8efe59b,5978986c4be5ccfc,2022-07-21T21:14:57Z,1.7
p1_wqp_inventory_ac202fed,8346ffd3f325095b,2022-07-21T20:15:27Z,18.79
p1_wqp_inventory_aoi,c8debf26daaa0cc9,2022-07-22T14:33:03Z,0.8
p1_wqp_inventory_b1f25fa4,6b9b549b564364b3,2022-07-21T20:15:28Z,1.03
p1_wqp_inventory_b3ab76aa,c04faa4f78df1807,2022-07-21T20:16:58Z,1.27
p1_wqp_inventory_b412ebc3,c6c9a7f073ffb279,2022-07-21T20:46:06Z,0.25
p1_wqp_inventory_b4424fea,341f96e12323d3bb,2022-07-20T20:15:25Z,0.17
p1_wqp_inventory_b4ef5363,17d017a64865736a,2022-07-21T20:51:28Z,0.47
p1_wqp_inventory_b5cd3cd7,69552990bd952b1b,2022-07-20T20:15:28Z,0.31
p1_wqp_inventory_b70e289e,6fe9542794f06e97,2022-07-20T20:15:26Z,0.21
p1_wqp_inventory_ba3ff3d7,cc25abf8b0dd552b,2022-07-21T21:14:40Z,0.97
p1_wqp_inventory_ba77bed6,160de2189543858c,2022-07-21T21:14:05Z,1.29
p1_wqp_inventory_c00f005c,d2f8ce9a9cb19b6d,2022-07-21T20:46:05Z,0.38
p1_wqp_inventory_c30e3352,afb7d19ee5ea2809,2022-07-20T20:15:24Z,0.17
p1_wqp_inventory_c36dbe73,3dcaaf364daaaad5,2022-07-20T20:15:20Z,0.19
p1_wqp_inventory_c89ed5c8,90dd7fb7d840468c,2022-07-20T20:15:33Z,0.28
p1_wqp_inventory_c8eb16e8,b259ec90af67608d,2022-07-20T20:15:22Z,0.18
p1_wqp_inventory_ca27b092,8914ab8f70ce7d1b,2022-07-21T20:46:00Z,0.39
p1_wqp_inventory_cc962ea6,854f95ef182ce82a,2022-07-20T20:15:31Z,0.18
p1_wqp_inventory_cdb6c2d2,43c62b5e366a7ef4,2022-07-20T20:15:35Z,0.17
p1_wqp_inventory_cec86505,747eed6c013de252,2022-07-21T20:47:18Z,0.22
p1_wqp_inventory_d16d930b,7e232a5f695c8ba7,2022-07-20T20:15:22Z,0.18
p1_wqp_inventory_d24a3ab0,db7f96e86aa7e8ee,2022-07-20T20:15:21Z,0.2
p1_wqp_inventory_d4ea65c0,8dab73e9d8b06142,2022-07-21T20:46:01Z,0.24
p1_wqp_inventory_d57725be,26b13d25d184ac65,2022-07-21T20:46:03Z,0.35
p1_wqp_inventory_d60bbf7b,bb781694911ae1ff,2022-07-20T20:15:27Z,0.19
p1_wqp_inventory_d8376cf5,40cf30d610f2776d,2022-07-21T21:15:28Z,6.14
p1_wqp_inventory_d873f3a8,d85def63a921131d,2022-07-21T20:46:06Z,0.22
p1_wqp_inventory_d897774f,4697247665031854,2022-07-20T20:15:20Z,0.17
p1_wqp_inventory_d95c06f1,056fd7225c184f1b,2022-07-20T20:15:20Z,0.21
p1_wqp_inventory_db5a433d,68ba8889b1caad35,2022-07-21T21:14:13Z,7.83
p1_wqp_inventory_db920b0c,5d093b468fe8c996,2022-07-21T21:15:20Z,23
p1_wqp_inventory_dd9808d7,0e8a1cbedab9c855,2022-07-21T20:46:03Z,0.3
p1_wqp_inventory_df1ddca9,8d77f4746487b8bd,2022-07-21T20:46:02Z,0.29
p1_wqp_inventory_e9472e8d,eddd52bb88bb2471,2022-07-21T20:51:27Z,0.41
p1_wqp_inventory_ed436840,339653121b2591d6,2022-07-20T20:15:25Z,0.17
p1_wqp_inventory_f034e4b3,c73c2ffc819195b4,2022-07-21T20:51:26Z,0.74
p1_wqp_inventory_f0381100,4b38a1d74fe6e844,2022-07-21T20:51:29Z,0.25
p1_wqp_inventory_f117befd,a214189947e992d2,2022-07-21T20:46:01Z,0.62
p1_wqp_inventory_f2b9f48b,f24f72d59c44d5c5,2022-07-20T20:15:22Z,0.16
p1_wqp_inventory_f5da2957,8b05d69433816a55,2022-07-20T20:15:20Z,0.22
p1_wqp_inventory_f6c3b214,c79e8e8e1803201b,2022-07-20T20:15:21Z,0.22
p1_wqp_inventory_f6fd85d6,c02b9ef4a60a3f9a,2022-07-21T21:15:42Z,1.73
p1_wqp_inventory_fc7885a7,763e21d3bf2a85c4,2022-07-20T20:15:25Z,0.18
p1_wqp_inventory_fd3fbbb2,f2ab2ef82e60d129,2022-07-21T21:14:41Z,1.21
p1_wqp_inventory_fdad1500,cdbf00858b41d689,2022-07-20T20:15:33Z,0.27
p1_wqp_inventory_summary_csv,26f37f35b1938234,2022-07-22T14:33:03Z,0.3
p1_wqp_params,95ca3d91b9823984,2022-07-22T14:33:01Z,0.02
p1_wqp_params_yml,a5136e03b65d3a93,2022-07-22T14:32:51Z,2.9
p2_site_counts,66cd1a76d1afc656,2022-07-22T14:33:03Z,0.02
p2_site_counts_grouped,3072073409eb3644,2022-07-22T14:33:04Z,0.12
p2_wqp_data_aoi,6e43fa14e80d7b50,NA,0
p2_wqp_data_aoi_02919e7d,2e640425056bf3b4,2022-07-21T20:51:50Z,0.89
p2_wqp_data_aoi_043a93c3,100fcc14424f8d10,2022-07-20T20:19:21Z,0.11
p2_wqp_data_aoi_049c7c6b,b9b012657baebaa2,2022-07-20T20:19:20Z,0.22
p2_wqp_data_aoi_07c8805f,ce1efdc85e8cfe3f,2022-07-20T20:17:18Z,16.83
p2_wqp_data_aoi_0821c71d,767f54d02fd876a9,2022-07-19T19:11:03Z,1.2
p2_wqp_data_aoi_086916ef,c689ea3c22ad41e0,2022-07-20T20:16:54Z,3.85
p2_wqp_data_aoi_090d4561,200fc002d0c89e0b,2022-07-20T20:19:20Z,1.08
p2_wqp_data_aoi_094fab4d,01ed36987aa8ef90,2022-07-20T20:18:55Z,29.89
p2_wqp_data_aoi_0988e4d2,5ae1e7134b133480,2022-07-19T19:19:17Z,0.56
p2_wqp_data_aoi_09f8534f,6fa9c1cadb72b5da,2022-07-22T13:37:19Z,12.14
p2_wqp_data_aoi_0a745a5a,4e7d0df9dabc8301,2022-07-20T20:17:25Z,0.72
p2_wqp_data_aoi_0c7a09c3,47c3d03e75388691,2022-07-20T20:19:27Z,0.1
p2_wqp_data_aoi_0d970153,48128175b4df4476,2022-07-21T20:17:44Z,16.2
p2_wqp_data_aoi_0efbf3b3,13a9adc135eca57e,2022-07-19T19:13:27Z,0.55
p2_wqp_data_aoi_112450a9,40cc6f1b2598341d,2022-07-20T20:16:09Z,0.67
p2_wqp_data_aoi_1136bce2,6b33992de775cf8c,2022-07-21T20:19:08Z,25.28
p2_wqp_data_aoi_11be8b51,4f355247136eab3a,2022-07-19T19:12:44Z,22.81
p2_wqp_data_aoi_13d7eaf7,98a19266fac1b900,2022-07-19T19:13:22Z,0.56
p2_wqp_data_aoi_1430ab9a,ce43357a3072696a,2022-07-20T20:18:24Z,0.81
p2_wqp_data_aoi_16647180,b5debbf7be870e3d,2022-07-19T19:20:32Z,10.12
p2_wqp_data_aoi_1810ed67,c7d6d0a35269dcaf,2022-07-20T20:17:33Z,0.22
p2_wqp_data_aoi_187c6f2b,3d892504d369f797,2022-07-19T19:11:17Z,5.11
p2_wqp_data_aoi_18bc9b8e,d21d769a4aae17d1,2022-07-19T19:14:33Z,0.58
p2_wqp_data_aoi_1aadcc40,b45d368128cc5fb1,2022-07-19T19:19:17Z,6.19
p2_wqp_data_aoi_1ab5393f,8bad99edee29a363,2022-07-21T20:51:40Z,0.59
p2_wqp_data_aoi_1c3e152d,7ed7bae922aca0db,2022-07-20T20:19:21Z,0.12
p2_wqp_data_aoi_1c9035dd,21ea2b27137b99c7,2022-07-19T19:13:01Z,3.21
p2_wqp_data_aoi_1d3ead0f,664d370ab4493134,2022-07-20T20:16:16Z,4.12
p2_wqp_data_aoi_1d4d4e5f,7b8638406c8e9672,2022-07-19T19:13:40Z,0.51
p2_wqp_data_aoi_1e4f8128,0af9731cd6bdaaa6,2022-07-19T19:13:51Z,0.71
p2_wqp_data_aoi_1ecec22c,6940514f678b800c,2022-07-19T19:14:21Z,1.19
p2_wqp_data_aoi_1edb00c6,58f9def42d726ebd,2022-07-19T19:14:56Z,0.56
p2_wqp_data_aoi_1efcd6c5,b2f7bd0b9a8a2cb4,2022-07-21T20:52:04Z,0.5
p2_wqp_data_aoi_1f3e7b11,0901f14e7e758b07,2022-07-20T20:19:27Z,0.21
p2_wqp_data_aoi_1f82e760,bbe5714579624e3d,2022-07-19T19:13:08Z,0.96
p2_wqp_data_aoi_1fe6de8f,79cb722f285b7429,2022-07-19T19:11:18Z,0.75
p2_wqp_data_aoi_2009cf14,26feb0d861c145cf,2022-07-21T20:51:41Z,0.5
p2_wqp_data_aoi_2101681c,4222fbe854384e50,2022-07-20T20:19:13Z,12.76
p2_wqp_data_aoi_21fa807d,9058592b9d63a40a,2022-07-19T19:11:44Z,21.75
p2_wqp_data_aoi_237abf68,5c1076c80177620d,2022-07-19T19:14:57Z,0.55
p2_wqp_data_aoi_23b25e3b,c95834b7ce638c83,2022-07-19T19:15:04Z,0.78
p2_wqp_data_aoi_240d672d,3776c392ffb66f42,2022-07-19T19:15:29Z,0.58
p2_wqp_data_aoi_2430aa69,864470262a707333,2022-07-21T20:52:01Z,9.49
p2_wqp_data_aoi_24bf534e,b3af46910bcd2781,2022-07-19T19:13:27Z,0.7
p2_wqp_data_aoi_2517d938,a9cd59aeeb156c94,2022-07-19T19:13:11Z,0.71
p2_wqp_data_aoi_25b53712,aff288d59a8f9885,2022-07-19T19:19:10Z,3.21
p2_wqp_data_aoi_2669daac,06baf851e41ac58e,2022-07-19T19:11:46Z,1.55
p2_wqp_data_aoi_29eb749d,ffab9b3b8ec082f1,2022-07-19T19:11:01Z,0.81
p2_wqp_data_aoi_2a63b685,4ff35130b47eafd9,2022-07-19T19:13:25Z,0.55
p2_wqp_data_aoi_2b6cb83f,f8cb4326ea5e801a,2022-07-19T19:13:36Z,0.81
p2_wqp_data_aoi_2c79c68c,5226b666369b1d3f,2022-07-20T20:17:24Z,5.72
p2_wqp_data_aoi_2d00f6a8,44b7f91ae6f919bc,2022-07-19T19:15:16Z,1.24
p2_wqp_data_aoi_2d2953b5,ff4e28347e102234,2022-07-22T13:36:53Z,1.19
p2_wqp_data_aoi_2d2e93f4,bb2cfbd4a06991a0,2022-07-19T19:13:18Z,0.8
p2_wqp_data_aoi_2ff20f20,7a2e514135c063d2,2022-07-19T19:14:28Z,0.67
p2_wqp_data_aoi_30675265,f991ccbb3c827130,2022-07-19T19:15:03Z,1.42
p2_wqp_data_aoi_313ed19a,387408d577088453,2022-07-19T19:14:23Z,0.56
p2_wqp_data_aoi_32323a78,3feba3b6b804165d,2022-07-19T19:14:39Z,5.79
p2_wqp_data_aoi_32898e21,36a42ca5fb1abe7e,2022-07-20T20:19:21Z,0.2
p2_wqp_data_aoi_32be76e7,e85db5ba22570e77,2022-07-20T20:19:27Z,0.1
p2_wqp_data_aoi_33198b27,9fbc29eed74e969c,2022-07-19T19:13:09Z,0.67
p2_wqp_data_aoi_3387cb9d,ca236158987f6236,2022-07-19T19:19:26Z,0.94
p2_wqp_data_aoi_3525433a,f33a0f3d22ffdb59,2022-07-19T19:13:26Z,0.54
p2_wqp_data_aoi_373d7742,2937d69ecc1041c4,2022-07-22T13:37:20Z,0.77
p2_wqp_data_aoi_38d9e5ef,ee4d2c0fea05de13,2022-07-20T20:16:49Z,9.6
p2_wqp_data_aoi_397cbb1f,c3725524e5c2a6a2,2022-07-21T20:51:51Z,0.69
p2_wqp_data_aoi_3b34b3b2,b8cf8ceb6b6e8e09,2022-07-19T19:15:20Z,3.53
p2_wqp_data_aoi_3b5c36b7,0cac62be0465efdd,2022-07-21T20:18:25Z,40.9
p2_wqp_data_aoi_3cce2970,d4ced2f85291f306,2022-07-19T19:13:52Z,0.58
p2_wqp_data_aoi_3d5ab599,a41327ac86d614b3,2022-07-20T20:19:20Z,0.11
p2_wqp_data_aoi_3f5736b4,d6b1013e11de1e56,2022-07-19T19:13:17Z,0.57
p2_wqp_data_aoi_3fb20ccc,7bf7498e5a677b25,2022-07-19T19:13:09Z,0.55
p2_wqp_data_aoi_40c01c08,0730c46ca3eb1736,2022-07-19T19:12:46Z,1.99
p2_wqp_data_aoi_4302f3b6,9ba92a6b184f2e4c,2022-07-22T13:37:06Z,1.14
p2_wqp_data_aoi_43b22bf9,8380f86f5a1f4ac9,2022-07-20T20:17:34Z,0.89
p2_wqp_data_aoi_43cb46cd,f2c7ea1c19ac0373,2022-07-19T19:15:13Z,0.5
p2_wqp_data_aoi_43d7199b,2200b2d6a8333186,2022-07-20T20:16:11Z,2.03
p2_wqp_data_aoi_441a1566,05d7ce8ceb63a4c7,2022-07-19T19:13:20Z,0.78
p2_wqp_data_aoi_44c1b4d0,98c35b41a31f2fbb,2022-07-19T19:19:33Z,7.57
p2_wqp_data_aoi_44da7bf0,641c66aa5c2d2d15,2022-07-19T19:14:56Z,0.93
p2_wqp_data_aoi_49c8497e,9b71548f01cd937e,2022-07-19T19:14:25Z,0.76
p2_wqp_data_aoi_4a67daa1,4e3ffd2dd175963e,2022-07-20T20:16:50Z,0.88
p2_wqp_data_aoi_4fb19a7e,a4bc53edacc5ca07,2022-07-19T19:12:18Z,5.72
p2_wqp_data_aoi_50fa748b,1d724ae769175419,2022-07-19T19:13:42Z,0.87
p2_wqp_data_aoi_522955af,787afadb1c471f77,2022-07-19T19:14:41Z,0.56
p2_wqp_data_aoi_530068dd,46682bfc5f2b7df8,2022-07-19T19:14:46Z,5.57
p2_wqp_data_aoi_537b153c,ba5b44905aa4bd31,2022-07-19T19:13:50Z,8.58
p2_wqp_data_aoi_538193d8,30a87f000807dcdf,2022-07-20T20:17:32Z,0.09
p2_wqp_data_aoi_53db6931,4e003449bf5f6315,2022-07-19T19:14:02Z,0.77
p2_wqp_data_aoi_5552f257,e7abbfb6f8a1fea6,2022-07-19T19:11:47Z,1.03
p2_wqp_data_aoi_555ad903,804f2e5b276eda72,2022-07-19T19:15:32Z,1.34
p2_wqp_data_aoi_558fe17b,89820ec4c1f94dc6,2022-07-19T19:13:05Z,4.02
p2_wqp_data_aoi_560a7b96,20a8b9385df41042,2022-07-20T20:19:13Z,0.53
p2_wqp_data_aoi_577e3046,3b110a814109aa49,2022-07-19T19:15:30Z,0.49
p2_wqp_data_aoi_58086fed,b46fe15a01c5f216,2022-07-19T19:11:19Z,0.96
p2_wqp_data_aoi_585bb2cb,84f9d3a7e473375b,2022-07-22T13:36:54Z,1.17
p2_wqp_data_aoi_598770e3,1f28f70af22dd535,2022-07-21T20:17:21Z,6.97
p2_wqp_data_aoi_5dca0ac9,c6e55395228793d8,2022-07-20T20:19:21Z,0.11
p2_wqp_data_aoi_5e944e36,df2fd45c9b255e65,2022-07-19T19:14:02Z,0.85
p2_wqp_data_aoi_60740d0b,cc9894a36a12e4a7,2022-07-22T13:36:44Z,0.76
p2_wqp_data_aoi_60a79b70,b417da3d31194156,2022-07-20T20:17:33Z,0.11
p2_wqp_data_aoi_61fea892,77aecbaa524e9b54,2022-07-22T13:37:04Z,1
p2_wqp_data_aoi_62d38c91,e3fe5a687f3c01b2,2022-07-19T19:15:01Z,3.32
p2_wqp_data_aoi_64a7cffb,e12ad836df31e9e6,2022-07-19T19:20:20Z,1.09
p2_wqp_data_aoi_65c95aef,e40ff56f062792c2,2022-07-20T20:19:26Z,3.22
p2_wqp_data_aoi_67348780,47c9c541188ccfac,2022-07-19T19:15:14Z,0.65
p2_wqp_data_aoi_69fe75ca,eb28b42516b37abb,2022-07-19T19:13:19Z,0.58
p2_wqp_data_aoi_6a6abf9f,12141fbe763a8379,2022-07-19T19:20:56Z,22.93
p2_wqp_data_aoi_6ab38f59,e8a8eb8461819c38,2022-07-21T20:51:49Z,7.47
p2_wqp_data_aoi_6cae8971,31d4d80c18de8192,2022-07-19T19:14:49Z,0.56
p2_wqp_data_aoi_6d55d5e0,632b64f0f6899aed,2022-07-20T20:15:39Z,2.06
p2_wqp_data_aoi_6e1fe5f6,7bc8a3b1bf8feb6b,2022-07-19T19:15:04Z,0.65
p2_wqp_data_aoi_6e21c9f3,483884ddcbf96eb2,2022-07-20T20:19:22Z,0.09
p2_wqp_data_aoi_712174fa,e7a6be3f77cf048b,2022-07-21T20:18:43Z,14.11
p2_wqp_data_aoi_7137bdea,2f3108dc8634f298,2022-07-19T19:20:32Z,0.76
p2_wqp_data_aoi_71c5e757,b764eb05c72edcb8,2022-07-20T20:17:33Z,0.11
p2_wqp_data_aoi_71d27a7f,1207a88fa8d7ff20,2022-07-20T20:18:23Z,44.81
p2_wqp_data_aoi_727ddc4c,720a9fff6f798804,2022-07-20T20:18:58Z,2.43
p2_wqp_data_aoi_733cb0f6,aa740a1192db4ec7,2022-07-20T20:19:18Z,4.06
p2_wqp_data_aoi_73a23573,615d2c283b51560c,2022-07-19T19:20:19Z,7.25
p2_wqp_data_aoi_7499bb7a,23a1d980640942ce,2022-07-19T19:13:21Z,0.78
p2_wqp_data_aoi_75072f60,e2d300b7cdee801a,2022-07-19T19:12:58Z,11.04
p2_wqp_data_aoi_750beccc,97b6600498db3959,2022-07-19T19:13:54Z,0.96
p2_wqp_data_aoi_763a342d,9bf35b2ecb265e08,2022-07-19T19:12:10Z,23.25
p2_wqp_data_aoi_76dbdfd7,70fa88aa44b6022c,2022-07-19T19:21:00Z,2.69
p2_wqp_data_aoi_776934af,8dd0d5ee2b7b6079,2022-07-20T20:17:30Z,0.61
p2_wqp_data_aoi_79a34abf,e7f0058efc556d67,2022-07-21T20:17:27Z,1
p2_wqp_data_aoi_79bd2a1e,4cb96ea99b4df53f,2022-07-19T19:11:12Z,0.81
p2_wqp_data_aoi_7aebb766,20c005060a4c0e3e,2022-07-20T20:19:20Z,0.1
p2_wqp_data_aoi_7b0cbc00,f2aab67772ac021c,2022-07-19T19:13:25Z,0.56
p2_wqp_data_aoi_7b1b34d4,e2199793ffbcda67,2022-07-19T19:14:29Z,0.55
p2_wqp_data_aoi_7dd2cbb1,4e1c7e376500c1be,2022-07-19T19:11:11Z,7.96
p2_wqp_data_aoi_7efd6502,f5ad33300e3d5ce4,2022-07-19T19:15:02Z,0.5
p2_wqp_data_aoi_8158d7d1,9d9a7dfec0d7aab8,2022-07-19T19:13:06Z,0.71
p2_wqp_data_aoi_8335d024,bcd8258167767803,2022-07-20T20:19:00Z,1.2
p2_wqp_data_aoi_83ca7604,bae5cb1a3a0c9bb2,2022-07-19T19:14:54Z,0.68
p2_wqp_data_aoi_8494cab3,d9afa0968365932e,2022-07-20T20:19:27Z,0.11
p2_wqp_data_aoi_85054813,a156d3285486b01c,2022-07-20T20:16:38Z,21.82
p2_wqp_data_aoi_85629972,f0741e71a528410b,2022-07-19T19:14:32Z,0.57
p2_wqp_data_aoi_8568115e,bc58557bf03c4131,2022-07-20T20:19:19Z,0.55
p2_wqp_data_aoi_86f697b0,faf882d74770ab10,2022-07-20T20:16:40Z,0.85
p2_wqp_data_aoi_88bf4813,cc771831cf8a5744,2022-07-19T19:14:54Z,0.61
p2_wqp_data_aoi_8a44adb5,7b732bce29828102,2022-07-19T19:14:53Z,3.17
p2_wqp_data_aoi_8ab01cf0,c8c1c1bba630c7bb,2022-07-19T19:14:33Z,0.67
p2_wqp_data_aoi_8e46a7ec,b3bce685678b3d24,2022-07-21T20:52:04Z,0.27
p2_wqp_data_aoi_8ef215e1,6c7d5e4ddcc34686,2022-07-19T19:14:21Z,0.55
p2_wqp_data_aoi_91110c66,630e039ee142f13e,2022-07-20T20:19:14Z,0.53
p2_wqp_data_aoi_91464ec5,f0b3dd38127bab9b,2022-07-21T20:51:31Z,0.62
p2_wqp_data_aoi_927baa65,6115e1cf61b98219,2022-07-22T13:36:51Z,7.15
p2_wqp_data_aoi_9281636c,6ebbc5abad0de040,2022-07-20T20:19:21Z,0.14
p2_wqp_data_aoi_930285cf,97dd4e943b14af31,2022-07-19T19:19:25Z,0.94
p2_wqp_data_aoi_93517ca3,8d8259dd148834a7,2022-07-20T20:18:56Z,0.91
p2_wqp_data_aoi_97a72a4e,b7e01820aead05c6,2022-07-19T19:15:13Z,8.3
p2_wqp_data_aoi_992049fe,8cdecf8c016326e8,2022-07-20T20:16:55Z,0.58
p2_wqp_data_aoi_9b80179a,17febc095f56f4d2,2022-07-20T20:17:30Z,5
p2_wqp_data_aoi_9d2fa053,a207ba975bf58dfd,2022-07-19T19:14:40Z,0.67
p2_wqp_data_aoi_9d9d8901,8a132278156a8737,2022-07-19T19:11:21Z,1.78
p2_wqp_data_aoi_9e390b45,7df792ae0e2db9b3,2022-07-20T20:18:59Z,0.54
p2_wqp_data_aoi_9f0d4b1f,0d17abfb6728b013,2022-07-19T19:14:50Z,0.55
p2_wqp_data_aoi_a0ce6271,6817a4db1fdfe45a,2022-07-19T19:14:47Z,0.56
p2_wqp_data_aoi_a1c232e6,1c20b2f773fcfbb5,2022-07-19T19:14:49Z,0.56
p2_wqp_data_aoi_a1c3bbdc,2096855428947db0,2022-07-19T19:19:35Z,0.79
p2_wqp_data_aoi_a1d0463b,a382086c5cb1509e,2022-07-19T19:14:23Z,0.72
p2_wqp_data_aoi_a321e66e,5fc56d4cba43a25c,2022-07-20T20:19:22Z,0.16
p2_wqp_data_aoi_a3caefd2,0f15b8819f45f384,2022-07-19T19:14:25Z,0.57
p2_wqp_data_aoi_a431c7e7,240cfe56a3208fd5,2022-07-19T19:14:22Z,0.75
p2_wqp_data_aoi_a639d799,2ca03cab21241386,2022-07-21T20:17:25Z,4.26
p2_wqp_data_aoi_a78566db,b564f642374f59ad,2022-07-19T19:13:51Z,0.54
p2_wqp_data_aoi_a7b3a973,c5b437a775d27551,2022-07-21T20:51:51Z,0.82
p2_wqp_data_aoi_a992bbdc,ce8042045e15fa8e,2022-07-19T19:14:19Z,16.38
p2_wqp_data_aoi_aa5f4671,00b7e42155036cd5,2022-07-19T19:14:30Z,0.69
p2_wqp_data_aoi_abcd4323,70b393607c53d5d0,2022-07-21T20:19:12Z,1.1
p2_wqp_data_aoi_acd9be78,f153f6d0359efbb8,2022-07-22T13:36:43Z,0.89
p2_wqp_data_aoi_ad9aed99,e33a6dd8f4f056fd,2022-07-20T20:19:22Z,0.11
p2_wqp_data_aoi_ae5ccacd,e50a96f466f5fc93,2022-07-20T20:19:22Z,0.24
p2_wqp_data_aoi_aee96ede,635d8c8b48f6dc80,2022-07-20T20:17:33Z,0.08
p2_wqp_data_aoi_af164923,0947a146c7d1cb2b,2022-07-19T19:15:15Z,0.54
p2_wqp_data_aoi_b0dbe582,3f8ae2036223c38c,2022-07-19T19:12:12Z,2.29
p2_wqp_data_aoi_b0fe6f82,f1e19cba3a557464,2022-07-20T20:17:33Z,0.22
p2_wqp_data_aoi_b2844d71,d0e45436ceb8051c,2022-07-19T19:12:21Z,1.73
p2_wqp_data_aoi_b2af5661,388e24b5c6df2d0d,2022-07-19T19:19:07Z,0.64
p2_wqp_data_aoi_b467c35e,158f21066eba4ea1,2022-07-19T19:13:24Z,0.55
p2_wqp_data_aoi_b4ca9aca,e126e4a6b91a3620,2022-07-19T19:13:07Z,0.92
p2_wqp_data_aoi_b4f8f8b5,eca916975daad8ff,2022-07-21T20:19:14Z,0.68
p2_wqp_data_aoi_b5afac62,b8b357767c5214c9,2022-07-20T20:19:20Z,0.11
p2_wqp_data_aoi_b5fb08fe,e297d9b9a7f8f756,2022-07-19T19:11:22Z,1.43
p2_wqp_data_aoi_b6ccaee1,cc084b91bccb38c0,2022-07-19T19:20:11Z,36.14
p2_wqp_data_aoi_b74c3771,218ee133573d176f,2022-07-22T13:37:07Z,1
p2_wqp_data_aoi_b7dcf30b,5bdb1d0970e9c514,2022-07-20T20:17:36Z,2.03
p2_wqp_data_aoi_b86e6c86,06ff292da80a281c,2022-07-21T20:52:03Z,1.42
p2_wqp_data_aoi_b8a10c30,91fb7aeb64dab14e,2022-07-19T19:13:53Z,0.58
p2_wqp_data_aoi_b92e7ce1,64480428e96ba956,2022-07-19T19:13:22Z,0.55
p2_wqp_data_aoi_b967fa24,95e54349f45704ff,2022-07-20T20:17:33Z,0.11
p2_wqp_data_aoi_b99596d7,e1dfd79aae13dc11,2022-07-19T19:14:28Z,0.58
p2_wqp_data_aoi_ba94eca2,5b343385a31cac7f,2022-07-19T19:13:19Z,0.68
p2_wqp_data_aoi_bb254ee7,da91f5e72748efa2,2022-07-20T20:16:39Z,0.72
p2_wqp_data_aoi_bc3af4b0,3aa3b75b9a0711ae,2022-07-19T19:13:35Z,6.86
p2_wqp_data_aoi_bc6516ae,b8cabe93522e3c8b,2022-07-19T19:14:39Z,0.55
p2_wqp_data_aoi_bd48560d,ade06dd9321f43db,2022-07-20T20:18:24Z,0.96
p2_wqp_data_aoi_bd68e978,e038714b26c763fe,2022-07-22T13:37:03Z,9.05
p2_wqp_data_aoi_bea01e0b,b923f7d258034889,2022-07-19T19:15:17Z,0.55
p2_wqp_data_aoi_bfd7b6e6,a578c46f20aa28bd,2022-07-19T19:13:23Z,0.78
p2_wqp_data_aoi_c0cf9774,0d4b765b6e0e3869,2022-07-20T20:16:12Z,0.72
p2_wqp_data_aoi_c14eef57,a20e4ee3b77fd09c,2022-07-19T19:19:22Z,4.44
p2_wqp_data_aoi_c25166c5,6c7433d197244c86,2022-07-22T13:36:52Z,0.53
p2_wqp_data_aoi_c3ca2321,c8608dbee152edfa,2022-07-19T19:14:27Z,1.51
p2_wqp_data_aoi_c3f3d141,223947ad1e5bdd5a,2022-07-20T20:17:33Z,0.12
p2_wqp_data_aoi_c473451b,daa20aa4a2c1ebe0,2022-07-19T19:13:11Z,0.72
p2_wqp_data_aoi_c4dd2832,086135e690aeb2d7,2022-07-21T20:18:27Z,2.75
p2_wqp_data_aoi_c7b901df,f77100a6a56a6e8d,2022-07-19T19:20:21Z,0.91
p2_wqp_data_aoi_cd272caf,e17a8d256120756b,2022-07-19T19:14:58Z,0.71
p2_wqp_data_aoi_d14a3657,bbcf84717dcd8c19,2022-07-19T19:14:29Z,0.61
p2_wqp_data_aoi_d4917f9a,f36cbdd5522a0223,2022-07-19T19:13:39Z,3.11
p2_wqp_data_aoi_d49c6f88,a197fb33b0851454,2022-07-21T20:17:14Z,0.86
p2_wqp_data_aoi_d49f15aa,52546583a8ac500d,2022-07-20T20:19:22Z,0.11
p2_wqp_data_aoi_d5871689,1a9e337f89668d8f,2022-07-19T19:15:15Z,0.56
p2_wqp_data_aoi_d5bdb830,72b4e5f3b11f5fae,2022-07-19T19:13:53Z,0.68
p2_wqp_data_aoi_d7bf2adf,7a378fe74f1100f4,2022-07-19T19:20:12Z,0.8
p2_wqp_data_aoi_d7de6129,e7bce26bbf2673e1,2022-07-19T19:14:24Z,0.53
p2_wqp_data_aoi_d7e1f3c7,46545956ad6b565a,2022-07-20T20:15:58Z,19.16
p2_wqp_data_aoi_d8b98a01,523e175144fc6807,2022-07-21T20:52:05Z,0.6
p2_wqp_data_aoi_d909e557,3183320eb48ad78e,2022-07-19T19:19:34Z,0.81
p2_wqp_data_aoi_da02f00e,0cfd378909d7349f,2022-07-19T19:12:47Z,0.93
p2_wqp_data_aoi_da37bbc6,5fce2b2b2a40af23,2022-07-21T20:19:11Z,0.78
p2_wqp_data_aoi_da5497e2,d088ec80f6c39870,2022-07-19T19:13:28Z,0.58
p2_wqp_data_aoi_dad339ee,c7b07507f4eff907,2022-07-19T19:13:17Z,5.56
p2_wqp_data_aoi_dc6a17b8,2793d8994f7740e5,2022-07-20T20:16:08Z,8.96
p2_wqp_data_aoi_dd2a7084,d011ceb5777265aa,2022-07-20T20:19:27Z,0.12
p2_wqp_data_aoi_dd617ef9,1c82cef719f342df,2022-07-21T20:19:13Z,1.09
p2_wqp_data_aoi_dd8a6b8f,28db416d7dc3906c,2022-07-19T19:13:24Z,0.57
p2_wqp_data_aoi_ddba1ebb,42eea0dc7812b8c3,2022-07-20T20:19:20Z,0.11
p2_wqp_data_aoi_de95f3cb,42414d57be43fa21,2022-07-19T19:20:33Z,0.91
p2_wqp_data_aoi_ded2727f,e27268967f2d753b,2022-07-19T19:19:23Z,0.67
p2_wqp_data_aoi_e020efff,3f2ed52d83f97e69,2022-07-19T19:19:24Z,0.96
p2_wqp_data_aoi_e0818e1b,6b2f32a4f9962a22,2022-07-19T19:14:31Z,0.58
p2_wqp_data_aoi_e11cd309,ba80aab443e8db8c,2022-07-21T20:52:02Z,0.85
p2_wqp_data_aoi_e1500822,cd47463fa99da1de,2022-07-19T19:13:40Z,0.56
p2_wqp_data_aoi_e1a5719f,e3978eeca149fdef,2022-07-19T19:14:48Z,0.61
p2_wqp_data_aoi_e26e123e,d1c30481fbf67ec8,2022-07-19T19:13:55Z,0.99
p2_wqp_data_aoi_e2825265,5a1acc3ac2be2f25,2022-07-19T19:14:01Z,5.36
p2_wqp_data_aoi_e495aea1,fc2980f83f89b0af,2022-07-19T19:15:30Z,0.61
p2_wqp_data_aoi_ea1e81d0,fba3398c3340f52a,2022-07-20T20:15:37Z,0.72
p2_wqp_data_aoi_eb4be678,25445fd8e4eda599,2022-07-21T20:19:10Z,2.28
p2_wqp_data_aoi_ebb6faba,181d2e78a882c352,2022-07-19T19:19:18Z,0.6
p2_wqp_data_aoi_ec74c04a,9063529889b761bf,2022-07-19T19:14:55Z,0.56
p2_wqp_data_aoi_ed48f8cb,d6f8a6bf237e6066,2022-07-19T19:13:10Z,0.56
p2_wqp_data_aoi_ed531b3e,eb6c5f98304c73d7,2022-07-19T19:20:58Z,1.26
p2_wqp_data_aoi_edf4378d,074eca821b000d57,2022-07-19T19:14:20Z,0.79
p2_wqp_data_aoi_ee533424,4ce76334a0ba62fb,2022-07-20T20:15:59Z,0.68
p2_wqp_data_aoi_ef70e2af,d31cd45b262ee8fa,2022-07-21T20:51:39Z,8.68
p2_wqp_data_aoi_f038bc20,92de61ddf006443c,2022-07-20T20:17:01Z,6.67
p2_wqp_data_aoi_f113404b,253c342500e8fa88,2022-07-19T19:11:11Z,0.6
p2_wqp_data_aoi_f1752351,0cceb2209100a337,2022-07-19T19:15:29Z,8.17
p2_wqp_data_aoi_f2af99d7,cacd08c2ad3ccdc6,2022-07-19T19:15:31Z,0.5
p2_wqp_data_aoi_f2f2dc12,edf93754cb2a4e35,2022-07-21T20:52:03Z,0.13
p2_wqp_data_aoi_f445d76d,553c273be9cb7c85,2022-07-20T20:17:32Z,1.81
p2_wqp_data_aoi_f5436872,a4a2aba8f3740304,2022-07-21T20:51:41Z,0.74
p2_wqp_data_aoi_f62b47b5,664ec0c6e058226a,2022-07-20T20:15:59Z,0.77
p2_wqp_data_aoi_f6969e46,feb92717d7b2c980,2022-07-20T20:19:21Z,0.28
p2_wqp_data_aoi_f7adb00e,818dd531a0709ae0,2022-07-19T19:14:31Z,0.56
p2_wqp_data_aoi_f8eca962,7b0f86fe777281ce,2022-07-19T19:13:41Z,0.5
p2_wqp_data_aoi_f98a1949,4a242c84597ddbe7,2022-07-19T19:14:47Z,0.55
p2_wqp_data_aoi_fa5bcf12,b58aa6b66737d338,2022-07-21T20:18:28Z,1
p2_wqp_data_aoi_fe5c6fea,119b933b6fa39030,2022-07-19T19:13:35Z,0.55
p2_wqp_data_aoi_fe9055c1,90594698ee8685a6,2022-07-20T20:19:22Z,0.09
p2_wqp_data_aoi_ff3a4d2c,c460a7532605feda,2022-07-21T20:17:26Z,0.97
p2_wqp_data_aoi_ffb7d7e6,cefcb8fc3c30b37e,2022-07-19T19:12:19Z,1.14
p2_wqp_data_aoi_ffdb0deb,1df87f489f14e6b4,2022-07-20T20:19:22Z,0.13
p2_wqp_data_summary_csv,26f37f35b1938234,2022-07-27T17:54:40Z,0.34
p3_data_summary_activity_csv,a83b8645046daf86,2022-07-27T15:31:38Z,0.14
p3_data_summary_organization_csv,f6fe1662bc443ae2,2022-07-26T19:46:21Z,0.21
p3_pipeline_metadata_csv,49e3e3713f2efa4f,2022-07-27T18:42:11Z,0.09
p3_wqp_data_aoi_clean,abc56bcd9c17783e,2022-07-25T19:39:32Z,0.78
p3_wqp_data_aoi_clean_grp,0e71ba4f4c45dead,2022-07-27T15:27:25Z,0.02
p3_wqp_data_aoi_clean_param,82684281e1d6d3cd,NA,0
p3_wqp_data_aoi_clean_param_25060298,96273d189290b358,2022-07-26T14:53:20Z,0
p3_wqp_data_aoi_clean_param_2b1cc964,9321170ca57262c8,2022-07-26T14:44:40Z,0.05
p3_wqp_data_aoi_clean_param_7bf3a9cb,911640614817667b,2022-07-26T14:44:40Z,0.01
p3_wqp_data_aoi_clean_param_a774d35e,NA,2022-07-27T15:04:41Z,43
p3_wqp_data_aoi_clean_param_ac9b2a45,bfa5171ee42ce7b3,2022-07-26T15:13:02Z,0
p3_wqp_data_aoi_clean_param_bc69fa00,314973de5a23a436,2022-07-26T14:53:20Z,0.19
p3_wqp_data_aoi_clean_param_rds,125b34939c80a748,2022-07-27T18:39:00Z,0.39
p3_wqp_data_aoi_formatted,088217382d5bb32d,2022-07-22T14:33:05Z,0.03
p3_wqp_param_cleaning_info,857844057d73854c,2022-07-27T15:27:24Z,2.28
p3_wqp_records_summary_csv,5059ab2dd4679538,2022-07-27T18:29:02Z,0.3
